INSERT INTO public.certification_genre ( certification_genre_code, certification_genre_name ) VALUES ('IPA','IPA');
INSERT INTO public.certification_genre ( certification_genre_code, certification_genre_name ) VALUES ('MCP','MCP');
INSERT INTO public.certification_genre ( certification_genre_code, certification_genre_name ) VALUES ('ORA','オラクルマスター');
INSERT INTO public.certification_genre ( certification_genre_code, certification_genre_name ) VALUES ('OJP','Oracle認定Javaプログラマ');
INSERT INTO public.certification_genre ( certification_genre_code, certification_genre_name ) VALUES ('SSC','シスコ');
INSERT INTO public.certification_genre ( certification_genre_code, certification_genre_name ) VALUES ('ITI','ITIL');
INSERT INTO public.certification_genre ( certification_genre_code, certification_genre_name ) VALUES ('OTH','その他');
INSERT INTO public.certification ( certification_code, certification_name, certification_genre_code ) VALUES ('IPA001','ITパスポート','IPA');
INSERT INTO public.certification ( certification_code, certification_name, certification_genre_code ) VALUES ('IPA002','情報セキュリティマネジメント','IPA');
INSERT INTO public.certification ( certification_code, certification_name, certification_genre_code ) VALUES ('IPA003','基本情報技術者','IPA');
INSERT INTO public.certification ( certification_code, certification_name, certification_genre_code ) VALUES ('IPA004','応用情報技術者','IPA');
INSERT INTO public.certification ( certification_code, certification_name, certification_genre_code ) VALUES ('IPA005','ITストラテジスト','IPA');
INSERT INTO public.certification ( certification_code, certification_name, certification_genre_code ) VALUES ('IPA006','システムアーキテクト','IPA');
INSERT INTO public.certification ( certification_code, certification_name, certification_genre_code ) VALUES ('IPA007','プロジェクトマネージャ','IPA');
INSERT INTO public.certification ( certification_code, certification_name, certification_genre_code ) VALUES ('IPA009','データベーススペシャリスト','IPA');
INSERT INTO public.certification ( certification_code, certification_name, certification_genre_code ) VALUES ('IPA008','ネットワークスペシャリスト','IPA');
INSERT INTO public.certification ( certification_code, certification_name, certification_genre_code ) VALUES ('IPA010','エンベデッドシステムスペシャリスト','IPA');
INSERT INTO public.certification ( certification_code, certification_name, certification_genre_code ) VALUES ('IPA011','ITサービスマネージャ','IPA');
INSERT INTO public.certification ( certification_code, certification_name, certification_genre_code ) VALUES ('IPA012','システム監査技術者','IPA');
INSERT INTO public.certification ( certification_code, certification_name, certification_genre_code ) VALUES ('IPA013','情報処理安全確保支援士','IPA');
INSERT INTO public.certification ( certification_code, certification_name, certification_genre_code ) VALUES ('ITI001','ITILファンデーション','ITI');
INSERT INTO public.skill_genre ( skill_genre_code, skill_genre_name ) VALUES ('LNG','語学');
INSERT INTO public.skill_genre ( skill_genre_code, skill_genre_name ) VALUES ('BSN','ビジネス');
INSERT INTO public.skill_genre ( skill_genre_code, skill_genre_name ) VALUES ('PGL','プログラム言語');
INSERT INTO public.skill_genre ( skill_genre_code, skill_genre_name ) VALUES ('DTB','データベース');
INSERT INTO public.skill_genre ( skill_genre_code, skill_genre_name ) VALUES ('OPS','OS');
INSERT INTO public.skill_genre ( skill_genre_code, skill_genre_name ) VALUES ('NET','ネットワーク');
INSERT INTO public.skill_genre ( skill_genre_code, skill_genre_name ) VALUES ('TOL','ツール');
INSERT INTO public.skill_genre ( skill_genre_code, skill_genre_name ) VALUES ('OTH','その他');
